#,Département ,Nombre d'immigrés,Part dans la pop. (en %),Part des immigrés nés dans l'Union européenne (en %),Part des immigrés nés en Algérie (en %),Part des immigrés nés au Maroc (en %),Part des immigrés nés en Tunisie (en %),Part des immigrés nés en Turquie (en %)
01,Ain,"80,099",12.1,32.8,5.7,11.9,2.6,7.2
02,Aisne,"25,946",4.9,31.3,11.1,16.9,3.4,5.4
03,Allier,"18,004",5.4,39.4,7.8,8.3,2.4,3.7
04,Alpes-de-Haute-Provence,"13,925",8.4,41.3,10.8,12.8,2.8,1.6
05,Hautes-Alpes,"8,225",5.8,43.8,8.7,7.0,4.6,3.0
06,Alpes-Maritimes,"165,827",15.0,34.4,7.5,8.5,15.0,0.8
07,Ardèche,"18,211",5.5,41.5,11.0,13.3,3.5,3.8
08,Ardennes,"15,995",5.9,50.6,18.2,7.9,1.3,5.6
09,Ariège,"12,924",8.4,49.4,6.4,11.1,1.1,0.4
10,Aube,"25,849",8.3,24.6,9.1,13.4,2.9,3.5
11,Aude,"34,795",9.3,42.0,8.7,14.4,1.4,2.0
12,Aveyron,"15,810",5.7,42.1,4.6,10.6,1.7,2.9
13,Bouches-du-Rhône,"234,352",11.4,19.8,28.0,11.6,8.0,3.2
14,Calvados,"28,568",4.1,19.5,9.6,8.9,4.2,4.4
15,Cantal,"3,847",2.7,34.9,5.6,6.7,2.2,1.0
16,Charente,"21,565",6.1,24.6,7.8,7.5,2.7,1.0
17,Charente-Maritime,"25,227",3.8,33.8,5.3,9.2,2.2,2.5
18,Cher,"17,306",5.8,34.6,9.8,10.7,3.1,4.8
19,Corrèze,"15,252",6.4,42.0,4.3,13.4,1.4,7.4
2A,Corse-du-Sud,"14,961",9.2,58.5,2.9,20.5,9.0,0.1
2B,Haute-Corse,"19,007",10.3,45.9,4.8,33.1,3.7,0.0
21,Côte-d'Or,"40,525",7.6,26.4,9.9,18.5,2.2,2.7
22,Côtes-d'Armor,"23,069",3.8,31.1,4.4,5.5,2.0,2.2
23,Creuse,"6,351",5.5,30.6,2.7,3.0,0.9,5.2
24,Dordogne,"28,046",6.8,37.5,3.8,9.2,0.9,1.2
25,Doubs,"47,772",8.7,21.9,14.7,13.9,2.5,8.7
26,Drôme,"40,948",7.9,28.0,15.9,16.5,6.5,5.9
27,Eure,"32,260",5.4,23.0,10.3,12.1,2.6,8.0
28,Eure-et-Loir,"33,927",7.9,25.8,9.1,19.8,4.1,6.0
29,Finistère,"31,509",3.4,26.3,5.6,7.8,3.1,3.0
30,Gard,"67,810",9.0,32.0,13.2,30.1,2.2,1.3
31,Haute-Garonne,"152,449",10.6,28.7,15.0,13.9,4.0,1.5
32,Gers,"14,590",7.6,47.0,3.5,10.5,1.0,0.2
33,Gironde,"130,729",7.9,34.4,8.6,15.3,2.5,3.3
34,Hérault,"127,150",10.6,28.4,12.4,29.6,2.0,2.0
35,Ille-et-Vilaine,"56,835",5.2,18.8,5.2,12.2,2.5,4.2
36,Indre,"10,496",4.8,27.6,9.5,12.2,1.9,1.8
37,Indre-et-Loire,"40,027",6.5,26.9,12.4,11.0,2.5,1.7
38,Isère,"129,466",10.1,33.6,18.0,8.1,6.2,6.1
39,Jura,"15,926",6.2,30.8,8.3,13.8,2.0,13.0
40,Landes,"22,334",5.3,59.0,2.7,9.4,1.2,0.2
41,Loir-et-Cher,"21,465",6.5,30.5,7.5,14.9,2.5,10.7
42,Loire,"69,358",9.0,25.6,24.3,12.0,4.9,7.6
43,Haute-Loire,"8,068",3.5,37.0,4.8,13.3,1.5,6.3
44,Loire-Atlantique,"81,558",5.6,20.5,10.5,8.6,4.8,3.8
45,Loiret,"72,651",10.6,27.2,7.2,17.5,2.5,6.2
46,Lot,"12,583",7.2,47.2,3.1,7.9,0.9,1.0
47,Lot-et-Garonne,"31,947",9.6,42.1,5.3,25.6,1.1,0.1
48,Lozère,"4,147",5.4,52.4,3.4,9.9,0.8,2.1
49,Maine-et-Loire,"37,386",4.5,19.7,6.1,13.6,4.4,3.9
50,Manche,"13,970",2.8,21.0,4.6,6.1,2.2,1.0
51,Marne,"38,524",6.8,25.2,14.4,13.2,2.7,5.0
52,Haute-Marne,"7,542",4.4,31.8,16.1,9.7,3.1,5.4
53,Mayenne,"12,237",4.0,18.6,6.4,10.3,3.5,1.1
54,Meurthe-et-Moselle,"68,763",9.4,37.6,14.0,12.3,1.7,5.3
55,Meuse,"8,891",4.9,54.2,5.4,6.3,0.9,8.0
56,Morbihan,"27,143",3.5,23.2,3.9,5.1,2.2,8.3
57,Moselle,"119,238",11.4,43.8,13.1,9.3,1.4,7.9
58,Nièvre,"11,274",5.6,39.0,5.1,9.9,2.2,4.1
59,Nord,"189,113",7.2,26.8,23.5,18.7,3.0,1.6
60,Oise,"73,669",8.9,24.3,11.5,16.2,3.2,5.6
61,Orne,"12,864",4.6,21.1,6.8,10.9,3.7,13.3
62,Pas-de-Calais,"36,747",2.5,25.3,15.7,21.0,3.2,2.7
63,Puy-de-Dôme,"49,885",7.5,38.9,9.8,11.4,2.8,5.4
64,Pyrénées-Atlantiques,"53,456",7.7,55.3,3.2,10.4,0.9,0.7
65,Hautes-Pyrénées,"16,089",7.0,49.5,4.7,9.9,1.8,0.2
66,Pyrénées-Orientales,"51,624",10.6,49.1,12.9,15.0,1.1,1.1
67,Bas-Rhin,"133,779",11.6,28.3,7.2,11.0,2.2,13.3
68,Haut-Rhin,"94,592",12.3,31.8,12.1,9.0,2.1,11.0
69,Rhône,"247,145",13.1,21.1,22.2,7.8,8.6,3.9
70,Haute-Saône,"10,783",4.6,32.8,8.5,17.8,1.5,9.1
71,Saône-et-Loire,"38,937",7.1,40.5,10.3,9.1,5.4,5.9
72,Sarthe,"25,781",4.6,17.0,8.1,13.9,4.6,2.9
73,Savoie,"36,625",8.3,39.3,12.7,9.7,2.9,6.0
74,Haute-Savoie,"109,932",13.1,28.8,6.9,6.9,3.4,5.6
75,Paris,"436,482",20.5,21.1,10.0,8.3,6.1,1.0
76,Seine-Maritime,"74,435",5.9,15.8,19.2,13.4,4.7,2.8
77,Seine-et-Marne,"210,592",14.6,25.3,10.9,7.5,3.7,3.7
78,Yvelines,"224,895",15.4,25.2,11.1,15.5,3.9,2.2
79,Deux-Sèvres,"17,937",4.8,32.3,4.2,6.8,1.9,1.0
80,Somme,"22,671",4.0,20.9,11.3,18.3,3.8,2.2
81,Tarn,"26,063",6.6,40.1,12.4,14.7,1.6,1.4
82,Tarn-et-Garonne,"23,913",9.1,40.4,5.9,23.2,1.6,0.9
83,Var,"85,649",7.8,34.7,11.0,16.3,14.4,2.1
84,Vaucluse,"64,009",11.3,29.3,10.1,37.4,3.6,2.2
85,Vendée,"18,474",2.6,31.2,4.2,7.3,2.2,1.3
86,Vienne,"25,159",5.7,19.8,8.6,8.6,2.0,1.5
87,Haute-Vienne,"28,954",7.8,19.5,13.1,7.7,1.1,3.7
88,Vosges,"17,196",4.8,35.1,8.6,10.0,2.8,11.7
89,Yonne,"25,539",7.7,31.8,7.0,19.3,5.1,5.5
90,Territoire de Belfort,"13,783",9.9,18.3,20.7,11.6,2.8,10.7
91,Essonne,"231,274",17.6,22.8,11.6,8.8,5.6,3.7
92,Hauts-de-Seine,"315,996",19.3,17.6,14.0,14.8,6.5,1.0
93,Seine-Saint-Denis,"519,670",31.1,13.4,17.7,10.1,5.5,3.3
94,Val-de-Marne,"318,081",22.5,19.5,15.5,7.8,6.2,2.0
95,Val-d'Oise,"259,649",20.7,16.7,14.5,12.4,4.7,6.0
M,France métropolitaine,"6,656,110",10.2,26.1,13.0,12.3,4.7,3.7
,,,,,,,,
,,,,,,,,
